50.777984619140625,488.068359375,350.8268127441406,924.82177734375,0.8924649953842163,56,chair
368.34539794921875,496.2345275878906,629.228759765625,924.9744873046875,0.9061150550842285,56,chair
734.8057861328125,495.25653076171875,957.3325805664062,934.27880859375,0.89217609167099,56,chair
1095.3380126953125,492.4887390136719,1322.8963623046875,935.5986328125,0.8628672361373901,56,chair
1430.3173828125,500.00054931640625,1672.3868408203125,922.0387573242188,0.8958605527877808,56,chair
56.85802459716797,491.0175476074219,354.44097900390625,927.8119506835938,0.9027828574180603,56,chair
374.2229309082031,501.1817321777344,630.822998046875,929.2584838867188,0.8956162929534912,56,chair
740.043701171875,500.4709167480469,960.2904663085938,929.9383544921875,0.8980300426483154,56,chair
1099.656982421875,491.4156188964844,1327.005859375,941.1060791015625,0.8700190782546997,56,chair
1432.903564453125,497.69146728515625,1676.71728515625,919.5419921875,0.9069944620132446,56,chair
1194.911865234375,155.2794189453125,1235.5816650390625,320.46954345703125,0.26601728796958923,0,person
60.8983039855957,491.63232421875,354.2688293457031,929.9677734375,0.8942312002182007,56,chair
375.7379150390625,505.1001892089844,632.7734985351562,932.4873657226562,0.8963723182678223,56,chair
744.4594116210938,501.1405334472656,964.2463989257812,934.25537109375,0.9028621315956116,56,chair
1102.4842529296875,494.74566650390625,1328.351318359375,943.2561645507812,0.8768360018730164,56,chair
1436.897216796875,502.47381591796875,1677.767333984375,924.949951171875,0.9147376418113708,56,chair
1170.2587890625,166.76390075683594,1223.15771484375,326.4752197265625,0.7420790791511536,0,person
69.897216796875,491.1507568359375,358.20281982421875,931.3531494140625,0.8955659866333008,56,chair
381.95806884765625,504.8994140625,632.3379516601562,931.1929321289062,0.8950256109237671,56,chair
748.4796752929688,502.9014587402344,970.2694702148438,936.2193603515625,0.888127326965332,56,chair
1105.7344970703125,494.98187255859375,1330.38134765625,939.6756591796875,0.88563472032547,56,chair
1438.41552734375,502.0703430175781,1681.2745361328125,920.5964965820312,0.9007223844528198,56,chair
1154.2950439453125,170.4364471435547,1195.70751953125,313.67132568359375,0.35479122400283813,0,person
72.84512329101562,492.47039794921875,361.147705078125,931.8842163085938,0.8923965096473694,56,chair
384.57843017578125,504.650390625,635.9368286132812,934.2244262695312,0.8969555497169495,56,chair
750.4379272460938,504.4398193359375,970.6214599609375,936.056396484375,0.8870211839675903,56,chair
1110.12353515625,497.98443603515625,1335.029052734375,952.6718139648438,0.8894253373146057,56,chair
1442.549072265625,503.8575439453125,1687.234130859375,923.2223510742188,0.8951522707939148,56,chair
77.42459869384766,487.0039978027344,369.6431579589844,927.5650634765625,0.8935642838478088,56,chair
388.55108642578125,497.6902770996094,641.4120483398438,928.2964477539062,0.8985920548439026,56,chair
755.1600341796875,497.4861145019531,980.5578002929688,931.0789184570312,0.9013585448265076,56,chair
1115.594482421875,493.32623291015625,1340.711669921875,935.7900390625,0.8785099983215332,56,chair
1446.8623046875,497.07440185546875,1696.741455078125,921.3829345703125,0.8958939909934998,56,chair
82.8656005859375,485.5754089355469,374.4606018066406,924.4982299804688,0.8965426087379456,56,chair
393.6902160644531,498.4027404785156,643.571044921875,930.0987548828125,0.9006503224372864,56,chair
758.1128540039062,495.2134094238281,981.7879028320312,925.8623657226562,0.895754873752594,56,chair
1117.363525390625,491.3123474121094,1340.9036865234375,936.0075073242188,0.8686431050300598,56,chair
1452.4112548828125,497.76739501953125,1696.0609130859375,923.61328125,0.9048152565956116,56,chair
85.89610290527344,485.9019470214844,377.8097839355469,923.589111328125,0.89682537317276,56,chair
394.5919494628906,498.39892578125,647.3475952148438,932.7667236328125,0.8986175656318665,56,chair
761.3237915039062,497.7256164550781,983.9174194335938,927.857666015625,0.9067543745040894,56,chair
1119.2728271484375,493.4973449707031,1343.3018798828125,936.0187377929688,0.8754382729530334,56,chair
1452.33251953125,501.6989440917969,1698.85107421875,920.4611206054688,0.9067866206169128,56,chair
1317.1337890625,148.73263549804688,1396.25146484375,353.6432189941406,0.33272308111190796,0,person
87.7012710571289,487.1082458496094,381.5028076171875,925.9263305664062,0.8944782614707947,56,chair
397.0274353027344,495.9986877441406,654.2125854492188,925.3862915039062,0.8908546566963196,56,chair
765.23046875,501.3717041015625,985.9758911132812,928.8347778320312,0.9119671583175659,56,chair
1120.775634765625,495.7738342285156,1345.8358154296875,940.8594360351562,0.8804551362991333,56,chair
1451.6187744140625,501.48944091796875,1700.5048828125,922.135498046875,0.9036489129066467,56,chair
89.58979797363281,488.3344421386719,385.0872802734375,925.1077880859375,0.8993232250213623,56,chair
402.13934326171875,501.3584289550781,654.3652954101562,923.30419921875,0.891175389289856,56,chair
768.3041381835938,503.2259216308594,989.03759765625,930.55029296875,0.9011992812156677,56,chair
1122.4075927734375,496.8941345214844,1349.2696533203125,949.7935180664062,0.8668752908706665,56,chair
1454.605224609375,502.2754211425781,1704.1025390625,924.0180053710938,0.896629810333252,56,chair
92.30362701416016,488.2857971191406,388.72833251953125,926.3822021484375,0.8956640362739563,56,chair
407.7054748535156,502.79437255859375,657.6260375976562,923.6921997070312,0.8961896896362305,56,chair
769.8568725585938,501.83551025390625,991.6512451171875,932.6810302734375,0.8908398747444153,56,chair
1127.269775390625,500.2284851074219,1352.0550537109375,938.5134887695312,0.8712975382804871,56,chair
1457.030029296875,503.7403564453125,1707.2322998046875,924.7684936523438,0.8965303301811218,56,chair
93.89806365966797,489.3253173828125,391.3216552734375,926.540771484375,0.8902987241744995,56,chair
410.2604675292969,502.85992431640625,661.8978271484375,923.3876953125,0.8954439759254456,56,chair
771.7579345703125,502.5140075683594,992.7199096679688,934.8419189453125,0.8924298286437988,56,chair
1132.28955078125,500.5375671386719,1354.9417724609375,944.7073974609375,0.8477431535720825,56,chair
1461.4268798828125,505.37030029296875,1711.5155029296875,929.1199951171875,0.896929919719696,56,chair
98.873046875,489.1446533203125,394.1816101074219,926.3340454101562,0.8922823071479797,56,chair
413.46563720703125,503.7091369628906,663.8507080078125,925.3743896484375,0.8992886543273926,56,chair
773.015625,502.66571044921875,993.1613159179688,940.990966796875,0.8901878595352173,56,chair
1132.570068359375,501.12646484375,1356.130859375,940.165283203125,0.8664266467094421,56,chair
1462.9891357421875,509.45123291015625,1713.3607177734375,930.475341796875,0.8986981511116028,56,chair
100.8121566772461,490.1564025878906,394.5040588378906,927.5494995117188,0.895447850227356,56,chair
413.8772277832031,504.90411376953125,664.2390747070312,926.18408203125,0.9004334211349487,56,chair
774.3558349609375,502.3135986328125,994.1510620117188,940.5828247070312,0.8921013474464417,56,chair
1136.515869140625,502.7219543457031,1357.98193359375,944.7257080078125,0.8249856233596802,56,chair
1466.03076171875,511.05926513671875,1716.3388671875,935.1788330078125,0.8978734612464905,56,chair
103.05413818359375,490.795166015625,395.4939880371094,925.44873046875,0.8937784433364868,56,chair
415.7165222167969,504.6178283691406,664.6990966796875,925.1694946289062,0.8987184166908264,56,chair
776.3560791015625,503.6184997558594,995.7627563476562,940.5564575195312,0.8900710344314575,56,chair
1136.3785400390625,503.4678955078125,1359.265869140625,942.4786376953125,0.8326864242553711,56,chair
1467.76904296875,512.5306396484375,1717.73583984375,937.2601318359375,0.8949574828147888,56,chair
104.0914306640625,491.888671875,398.60211181640625,925.12744140625,0.8907839059829712,56,chair
416.7712097167969,506.5952453613281,666.919189453125,928.2297973632812,0.9009861350059509,56,chair
777.3433837890625,505.21600341796875,996.7418212890625,941.1522827148438,0.8907445073127747,56,chair
1136.9337158203125,508.8179626464844,1363.8555908203125,941.809814453125,0.7494573593139648,56,chair
1468.9244384765625,514.7222900390625,1718.5057373046875,938.1903686523438,0.895125687122345,56,chair
110.07117462158203,493.54150390625,402.825439453125,925.820068359375,0.8859312534332275,56,chair
418.48992919921875,508.5257263183594,670.2647705078125,929.9968872070312,0.9043425917625427,56,chair
779.6898803710938,504.3429870605469,998.1826782226562,942.7600708007812,0.89381343126297,56,chair
1140.333251953125,508.14306640625,1363.105224609375,942.179443359375,0.7995573282241821,56,chair
1472.664306640625,514.2019653320312,1720.0474853515625,935.6029052734375,0.8961034417152405,56,chair
1206.882080078125,167.29811096191406,1267.5860595703125,336.4001159667969,0.6800708770751953,0,person
1337.07421875,158.8887176513672,1407.135498046875,366.1022033691406,0.6934860348701477,0,person
113.29985809326172,494.44427490234375,404.5378723144531,927.6112060546875,0.892933189868927,56,chair
425.5364685058594,510.7707824707031,672.0524291992188,930.8575439453125,0.900736391544342,56,chair
782.5966796875,506.1236572265625,999.81396484375,944.7257080078125,0.8846901059150696,56,chair
1143.99951171875,510.8379821777344,1365.642822265625,948.996826171875,0.8618295788764954,56,chair
1467.532470703125,514.3098754882812,1586.8631591796875,879.394775390625,0.511932909488678,56,chair
1497.1710205078125,35.02459716796875,1803.1505126953125,984.2845458984375,0.9303766489028931,0,person
120.49251556396484,500.51544189453125,407.6144104003906,931.8511962890625,0.8884085416793823,56,chair
431.8506774902344,514.712890625,676.29345703125,934.9658203125,0.9030079245567322,56,chair
790.1915283203125,513.0770874023438,1008.5074462890625,953.7017211914062,0.8902604579925537,56,chair
1197.128662109375,514.8411254882812,1370.45556640625,959.2547607421875,0.8186301589012146,56,chair
1481.4814453125,516.0936279296875,1727.7879638671875,941.8626708984375,0.898133397102356,56,chair
1009.732421875,62.589569091796875,1311.63818359375,983.708740234375,0.845535159111023,0,person
125.4803695678711,499.7647705078125,413.0107727050781,933.9744873046875,0.8421661853790283,56,chair
433.7133483886719,516.3523559570312,677.8814697265625,937.5203857421875,0.8967972993850708,56,chair
1152.0982666015625,512.9857788085938,1376.5711669921875,953.7554321289062,0.8846715688705444,56,chair
1486.035888671875,517.2955932617188,1734.907470703125,940.7786865234375,0.8990263938903809,56,chair
711.6378173828125,353.2425842285156,1035.4061279296875,989.7778930664062,0.8874523639678955,0,person
128.30625915527344,501.5490417480469,414.6213073730469,932.9163208007812,0.8638395667076111,56,chair
434.4294738769531,517.0241088867188,681.79736328125,939.734619140625,0.9003368020057678,56,chair
1154.526123046875,513.29150390625,1378.7763671875,958.2725830078125,0.8901039958000183,56,chair
1489.0382080078125,517.639892578125,1737.15966796875,944.6121826171875,0.8991065621376038,56,chair
749.8834228515625,273.1786193847656,1023.4913330078125,992.2200317382812,0.9264844655990601,0,person
128.99533081054688,502.74639892578125,417.7213439941406,934.068603515625,0.8714051842689514,56,chair
435.4917297363281,518.4867553710938,682.0964965820312,941.376953125,0.9018294811248779,56,chair
776.1531982421875,639.596435546875,1016.7080078125,949.481201171875,0.2585257291793823,56,chair
1155.2335205078125,514.4014282226562,1379.8592529296875,959.754638671875,0.8878793120384216,56,chair
1491.3282470703125,521.4281616210938,1738.2042236328125,944.2212524414062,0.8973343968391418,56,chair
760.0635375976562,293.11822509765625,1028.015625,983.5617065429688,0.9235123991966248,0,person
1825.634521484375,56.96379089355469,1920.0,976.8272094726562,0.3464089035987854,0,person
130.25518798828125,502.4923095703125,418.6236267089844,934.493408203125,0.8684139251708984,56,chair
436.736328125,519.0287475585938,683.4437255859375,941.9398193359375,0.8988548517227173,56,chair
1156.426025390625,516.026611328125,1381.3978271484375,959.3844604492188,0.891947865486145,56,chair
1496.3653564453125,529.101318359375,1599.6776123046875,886.126708984375,0.5830037593841553,56,chair
1524.0487060546875,635.5787353515625,1735.7032470703125,931.0675659179688,0.5316729545593262,56,chair
759.6687622070312,294.8042297363281,1029.050537109375,982.6666259765625,0.9271974563598633,0,person
1536.76025390625,189.40045166015625,1852.8336181640625,979.6139526367188,0.9194042682647705,0,person
134.95408630371094,502.86285400390625,421.2189636230469,935.4545288085938,0.8566341400146484,56,chair
439.88446044921875,519.6417846679688,686.6845092773438,941.6434936523438,0.8961008191108704,56,chair
779.2815551757812,643.5936889648438,1018.7582397460938,943.3185424804688,0.32356345653533936,56,chair
1158.879638671875,515.2673950195312,1385.8804931640625,960.3746337890625,0.8901981115341187,56,chair
762.9674072265625,296.82440185546875,1032.974853515625,984.0970458984375,0.9258374571800232,0,person
1500.9283447265625,392.5021667480469,1796.6466064453125,992.474853515625,0.9275388121604919,0,person
136.0781707763672,504.837158203125,422.8126220703125,937.5452270507812,0.8670001029968262,56,chair
440.5372009277344,522.0626220703125,687.5399780273438,942.56396484375,0.8898929953575134,56,chair
775.37255859375,653.9024658203125,1019.2950439453125,975.2379150390625,0.28595006465911865,56,chair
1158.7822265625,519.3152465820312,1387.258544921875,968.029541015625,0.8907939195632935,56,chair
1498.0726318359375,640.9142456054688,1702.8094482421875,925.3286743164062,0.558618426322937,56,chair
763.9810180664062,296.71514892578125,1035.1864013671875,983.3965454101562,0.9266373515129089,0,person
969.3735961914062,243.6093292236328,1037.179931640625,341.3758850097656,0.2588540017604828,0,person
1169.948486328125,245.3326873779297,1243.173095703125,339.8713073730469,0.5188747048377991,0,person
1490.9473876953125,336.9455261230469,1798.016357421875,987.087158203125,0.908666729927063,0,person
137.19342041015625,501.38763427734375,423.4444885253906,929.3632202148438,0.8925971984863281,56,chair
444.61541748046875,515.9950561523438,691.1246337890625,937.5291137695312,0.8865152597427368,56,chair
783.8223876953125,645.7301025390625,1021.5906982421875,958.5092163085938,0.2757713496685028,56,chair
1161.3033447265625,512.2562255859375,1389.4542236328125,960.49365234375,0.8897275924682617,56,chair
1505.649658203125,646.9166259765625,1715.9803466796875,930.2395629882812,0.4755270183086395,56,chair
765.8065795898438,289.1868896484375,1037.8765869140625,978.5989379882812,0.9280499815940857,0,person
1493.1617431640625,318.25634765625,1726.78271484375,967.3660278320312,0.8563380241394043,0,person
1641.5208740234375,26.672607421875,1918.55615234375,992.9019165039062,0.8711419105529785,0,person
140.5147705078125,500.8623046875,426.9119873046875,930.42724609375,0.9021166563034058,56,chair
446.3929138183594,515.3458862304688,696.1099243164062,936.9303588867188,0.8699265718460083,56,chair
1184.055908203125,515.1331787109375,1387.1693115234375,948.5425415039062,0.8477230668067932,56,chair
1504.0601806640625,652.7427978515625,1705.9805908203125,890.117431640625,0.38587456941604614,56,chair
767.897216796875,287.71893310546875,1019.716796875,985.6972045898438,0.8978836536407471,0,person
955.3294067382812,60.53265380859375,1286.730712890625,1001.8793334960938,0.8779849410057068,0,person
1496.20166015625,314.3260803222656,1800.6756591796875,993.4473876953125,0.9199287295341492,0,person
143.14328002929688,502.47711181640625,430.944580078125,931.12353515625,0.8973401784896851,56,chair
553.8189697265625,543.4921875,696.0673217773438,874.3961791992188,0.7411843538284302,56,chair
1165.242919921875,513.8140869140625,1392.1575927734375,956.4376831054688,0.8966008424758911,56,chair
1504.48681640625,648.42529296875,1702.60400390625,919.7373046875,0.4753393232822418,56,chair
417.6123046875,48.99971008300781,663.68701171875,1002.822509765625,0.9198477268218994,0,person
769.904541015625,287.5892639160156,1043.6937255859375,983.7655029296875,0.9375753402709961,0,person
1498.4517822265625,321.5593566894531,1802.7349853515625,994.43701171875,0.922834038734436,0,person
295.1334533691406,497.7305603027344,426.3515930175781,863.6083984375,0.6014316082000732,56,chair
453.2215881347656,513.3028564453125,698.3065185546875,933.224365234375,0.8713974952697754,56,chair
782.5131225585938,658.9656372070312,1026.9840087890625,969.4647216796875,0.2572951316833496,56,chair
1168.1572265625,512.8469848632812,1394.0384521484375,959.751953125,0.8953381776809692,56,chair
1506.7501220703125,656.9782104492188,1701.2447509765625,913.7514038085938,0.5144338011741638,56,chair
12.659168243408203,216.22183227539062,376.052490234375,980.2105102539062,0.9147571325302124,0,person
771.9609375,290.7353820800781,1045.0006103515625,979.309814453125,0.93070387840271,0,person
979.4278564453125,237.27520751953125,1050.740478515625,339.5711975097656,0.30725011229515076,0,person
1499.701171875,321.9407958984375,1803.9759521484375,993.4297485351562,0.9233784675598145,0,person
454.7809753417969,514.0623779296875,701.9337768554688,933.282958984375,0.8590317368507385,56,chair
784.494384765625,652.4375,1031.1668701171875,968.72705078125,0.33054590225219727,56,chair
1170.665771484375,514.3682861328125,1396.6834716796875,958.0896606445312,0.8933882713317871,56,chair
73.61131286621094,308.98077392578125,409.51007080078125,979.1859741210938,0.87028968334198,0,person
775.0881958007812,293.8208923339844,1047.337646484375,977.7269897460938,0.9253145456314087,0,person
983.4908447265625,236.13026428222656,1052.1729736328125,339.9037780761719,0.35705727338790894,0,person
1170.100341796875,233.1766357421875,1252.0587158203125,338.1642761230469,0.4622483551502228,0,person
1496.236572265625,347.6435546875,1799.886962890625,984.2120361328125,0.920752227306366,0,person
455.3133544921875,513.53466796875,704.51904296875,932.3666381835938,0.8583729863166809,56,chair
793.7850952148438,646.8583374023438,1036.17041015625,965.6057739257812,0.3244840204715729,56,chair
1172.293212890625,515.4320068359375,1398.224853515625,957.7384643554688,0.8959789872169495,56,chair
78.10459899902344,288.4598083496094,419.87969970703125,969.990966796875,0.8755142092704773,0,person
776.2275390625,294.7623596191406,1050.04345703125,980.0242919921875,0.923592209815979,0,person
1173.6793212890625,187.6995086669922,1246.63916015625,341.9908447265625,0.3388845920562744,0,person
1479.22412109375,141.8828887939453,1808.0831298828125,993.64892578125,0.9369637966156006,0,person
457.3880310058594,512.8612060546875,706.79248046875,929.130615234375,0.873627245426178,56,chair
1177.342529296875,518.0355834960938,1331.6788330078125,948.462158203125,0.7755299210548401,56,chair
1530.8507080078125,524.2929077148438,1761.2615966796875,956.1619873046875,0.8946980834007263,56,chair
77.61305236816406,296.461669921875,424.9156799316406,972.2307739257812,0.8841270804405212,0,person
778.7752075195312,288.39892578125,1050.760986328125,978.4061279296875,0.9280282855033875,0,person
1290.9691162109375,123.77659606933594,1600.983154296875,999.538330078125,0.9075773358345032,0,person
216.917724609375,624.65625,428.5128479003906,856.7210083007812,0.26599863171577454,56,chair
458.8349304199219,512.2138061523438,706.9369506835938,928.078857421875,0.8710008263587952,56,chair
1518.1204833984375,523.6314086914062,1766.7506103515625,948.3209838867188,0.890419065952301,56,chair
78.0992431640625,296.28582763671875,427.2323303222656,969.1761474609375,0.9004283547401428,0,person
778.5132446289062,286.9044189453125,1053.199951171875,983.578857421875,0.9329180717468262,0,person
1161.3612060546875,333.1034240722656,1449.4713134765625,986.0264892578125,0.9272946119308472,0,person
461.77435302734375,511.91326904296875,706.4783935546875,926.768798828125,0.8804123997688293,56,chair
827.1610717773438,664.8192749023438,1042.343994140625,941.3079223632812,0.2870990037918091,56,chair
1180.440673828125,659.4219360351562,1411.9874267578125,968.4464721679688,0.4759121835231781,56,chair
1519.3992919921875,523.7808837890625,1770.306884765625,951.793212890625,0.8885895609855652,56,chair
75.17994689941406,294.236572265625,431.488037109375,957.4306640625,0.9015999436378479,0,person
780.3960571289062,290.6673583984375,1054.7215576171875,982.0811157226562,0.9313486814498901,0,person
1161.5213623046875,326.30267333984375,1429.023193359375,984.0,0.9246832728385925,0,person
200.27297973632812,622.2047119140625,359.56768798828125,914.5430297851562,0.30236291885375977,56,chair
463.12664794921875,512.8336181640625,708.767578125,931.6835327148438,0.8709409236907959,56,chair
799.9469604492188,657.58837890625,1027.2001953125,855.274169921875,0.29719746112823486,56,chair
1180.658935546875,673.2564697265625,1383.009765625,962.6574096679688,0.533086359500885,56,chair
1521.7056884765625,524.2647094726562,1771.0411376953125,952.5897827148438,0.8895115256309509,56,chair
73.42650604248047,102.71749877929688,447.9754943847656,957.9306030273438,0.9327928423881531,0,person
764.2046508789062,254.79910278320312,1082.6168212890625,990.8392333984375,0.929042398929596,0,person
1163.5904541015625,330.8375244140625,1427.108642578125,989.6744995117188,0.9286299347877502,0,person
466.9860534667969,513.5534057617188,715.3667602539062,931.0794677734375,0.891595184803009,56,chair
825.0005493164062,516.5685424804688,1045.75244140625,947.7191162109375,0.896478533744812,56,chair
1225.8372802734375,650.4147338867188,1416.717041015625,954.7256469726562,0.30450117588043213,56,chair
1521.8568115234375,526.3359985351562,1775.323974609375,954.7636108398438,0.8896101713180542,56,chair
109.37110137939453,67.30270385742188,479.52191162109375,967.4295654296875,0.9387413859367371,0,person
1031.4146728515625,68.66276550292969,1289.343017578125,995.419189453125,0.8499888777732849,0,person
1232.9171142578125,355.4417724609375,1431.7315673828125,985.3943481445312,0.8690600991249084,0,person
167.9856414794922,562.3341064453125,286.5785217285156,899.3688354492188,0.6298266649246216,56,chair
468.8203430175781,508.0474853515625,717.6170654296875,924.4821166992188,0.8846943974494934,56,chair
825.6815185546875,509.71014404296875,1045.1478271484375,942.9781494140625,0.9011565446853638,56,chair
1184.228271484375,671.630859375,1386.36572265625,940.5318603515625,0.5249489545822144,56,chair
1620.3985595703125,521.4697875976562,1774.5517578125,946.4486083984375,0.8149335384368896,56,chair
168.50222778320312,67.5399169921875,501.599853515625,980.138671875,0.9319041967391968,0,person
1165.87060546875,318.9191589355469,1431.4462890625,984.8985595703125,0.918440580368042,0,person
1355.3070068359375,67.40583801269531,1685.835693359375,995.45654296875,0.875926673412323,0,person
168.1233673095703,488.99285888671875,455.6235656738281,918.4720458984375,0.8950870037078857,56,chair
519.3451538085938,578.2307739257812,714.3817749023438,860.9451293945312,0.4194621741771698,56,chair
827.6619873046875,505.4870910644531,1046.630126953125,939.8036499023438,0.9076717495918274,56,chair
1187.0374755859375,648.71435546875,1413.552490234375,960.477783203125,0.5651776790618896,56,chair
1526.40576171875,519.730712890625,1609.8157958984375,880.883056640625,0.5963900089263916,56,chair
362.2222595214844,186.74327087402344,698.8944091796875,961.2321166992188,0.902023434638977,0,person
1167.509033203125,318.5799865722656,1437.6895751953125,982.1796264648438,0.9324309825897217,0,person
1201.8033447265625,175.42343139648438,1276.3597412109375,338.0298156738281,0.48274126648902893,0,person
1588.5933837890625,110.37551879882812,1915.4791259765625,997.3778686523438,0.9306786060333252,0,person
172.5831756591797,491.02825927734375,419.93695068359375,916.3311767578125,0.7990740537643433,56,chair
466.4348449707031,674.9485473632812,703.6729736328125,867.7117919921875,0.3671884834766388,56,chair
828.3242797851562,508.7041015625,1048.98388671875,942.569091796875,0.906248927116394,56,chair
1188.6463623046875,656.9225463867188,1416.598388671875,956.9983520507812,0.5441893339157104,56,chair
1527.9813232421875,608.5758056640625,1700.8165283203125,894.2282104492188,0.5067093968391418,56,chair
399.5109558105469,293.86761474609375,721.498779296875,978.6466064453125,0.914543628692627,0,person
898.6452026367188,220.4304656982422,986.150390625,335.1771545410156,0.259305477142334,0,person
1169.8232421875,320.4248352050781,1437.1600341796875,979.4015502929688,0.9329373836517334,0,person
1536.8499755859375,290.21112060546875,1845.8594970703125,990.0194091796875,0.9475252628326416,0,person
174.35313415527344,489.7784118652344,416.2478942871094,922.547607421875,0.6282207369804382,56,chair
491.45635986328125,650.6670532226562,714.8093872070312,880.7817993164062,0.4074980318546295,56,chair
831.4747924804688,510.019775390625,1050.865478515625,942.9605712890625,0.9038069844245911,56,chair
1187.1221923828125,667.7894897460938,1428.740234375,922.8619995117188,0.40729811787605286,56,chair
1545.707275390625,649.0457763671875,1719.9149169921875,892.6567993164062,0.2598963975906372,56,chair
407.1614685058594,288.0912780761719,724.4888305664062,978.7911987304688,0.905125081539154,0,person
903.8388061523438,223.50338745117188,984.3372802734375,339.6017150878906,0.45683059096336365,0,person
1161.93896484375,328.44061279296875,1455.0069580078125,989.5770263671875,0.9343264102935791,0,person
1211.96630859375,220.39743041992188,1285.73876953125,339.30523681640625,0.42022374272346497,0,person
1536.741943359375,280.9203186035156,1842.884765625,992.9657592773438,0.9434079527854919,0,person
177.80165100097656,491.2621765136719,417.3346252441406,922.9274291992188,0.7207757234573364,56,chair
485.6573181152344,639.6444091796875,717.3104248046875,881.53515625,0.3812260329723358,56,chair
834.0970458984375,509.87237548828125,1052.360595703125,940.2962646484375,0.8987464904785156,56,chair
1195.364013671875,511.74554443359375,1338.9942626953125,937.6263427734375,0.8120787143707275,56,chair
1554.249755859375,657.9097290039062,1739.05810546875,925.4097900390625,0.3507212996482849,56,chair
409.08172607421875,291.5836181640625,724.33154296875,976.5947265625,0.9059149026870728,0,person
906.861328125,228.25131225585938,984.4037475585938,340.3777770996094,0.29977330565452576,0,person
1279.3853759765625,138.0081024169922,1572.450439453125,984.1300048828125,0.9170948266983032,0,person
1540.388671875,278.87750244140625,1843.143310546875,996.0712280273438,0.9405466914176941,0,person
180.72840881347656,491.92669677734375,418.1842346191406,923.1102905273438,0.6220495700836182,56,chair
499.1677551269531,648.1199951171875,716.7973022460938,872.3612060546875,0.43405988812446594,56,chair
834.823486328125,512.7227783203125,1053.236572265625,943.4346313476562,0.8943566083908081,56,chair
1194.197509765625,512.4518432617188,1424.643798828125,957.5308837890625,0.8960592746734619,56,chair
409.58441162109375,294.9369812011719,726.1446533203125,979.2529907226562,0.8904171586036682,0,person
1541.032958984375,284.2367858886719,1736.4368896484375,733.1953125,0.44213077425956726,0,person
1556.0240478515625,132.73709106445312,1917.35009765625,1001.5780029296875,0.9023267030715942,0,person
182.0367889404297,492.9483947753906,419.18133544921875,922.1365966796875,0.6227543354034424,56,chair
506.2678527832031,641.842529296875,721.5642700195312,877.5855102539062,0.49616822600364685,56,chair
835.8035888671875,514.0863647460938,1053.8968505859375,946.5042114257812,0.8985863924026489,56,chair
1195.9061279296875,514.2615966796875,1424.84228515625,963.3938598632812,0.8919774889945984,56,chair
1551.8280029296875,638.1822509765625,1765.1865234375,966.5399780273438,0.41565296053886414,56,chair
409.4261169433594,295.19036865234375,728.8914184570312,979.9451904296875,0.8732812404632568,0,person
910.2881469726562,226.4969940185547,986.675537109375,344.34051513671875,0.4273330867290497,0,person
1279.3179931640625,178.33352661132812,1337.3572998046875,344.0199279785156,0.6591367721557617,0,person
1542.1864013671875,278.2177429199219,1848.4954833984375,1000.1478881835938,0.9366011023521423,0,person
182.4324493408203,496.2724914550781,422.0260925292969,923.1918334960938,0.7302140593528748,56,chair
508.05322265625,640.139892578125,723.052978515625,880.97119140625,0.49178841710090637,56,chair
836.704833984375,516.4545288085938,1057.0028076171875,950.342529296875,0.8870142102241516,56,chair
1197.791259765625,515.4252319335938,1427.1334228515625,966.5181884765625,0.902301013469696,56,chair
1552.296142578125,638.4559936523438,1740.1151123046875,946.7909545898438,0.4659707546234131,56,chair
411.1355895996094,295.9075012207031,731.8004760742188,978.6797485351562,0.8363937735557556,0,person
910.2523193359375,228.34007263183594,990.2219848632812,345.0229187011719,0.534311056137085,0,person
1214.39453125,224.48410034179688,1295.7667236328125,341.1453552246094,0.48065680265426636,0,person
1378.8890380859375,182.11862182617188,1437.9295654296875,362.6408386230469,0.2507185637950897,0,person
1543.988525390625,282.0913391113281,1850.947265625,1004.2811279296875,0.9377825260162354,0,person
184.6604766845703,495.41070556640625,422.778076171875,921.9724731445312,0.7697381377220154,56,chair
508.0133972167969,641.6602783203125,722.73291015625,882.6568603515625,0.5312740206718445,56,chair
839.1524658203125,518.9271850585938,1057.42529296875,951.5869140625,0.8883907794952393,56,chair
1199.4737548828125,518.9089965820312,1428.7205810546875,973.3196411132812,0.8929564356803894,56,chair
1546.360595703125,633.4810791015625,1719.3330078125,924.2175903320312,0.4339680075645447,56,chair
411.3880310058594,310.8221130371094,735.4780883789062,982.7314453125,0.8284768462181091,0,person
916.3607177734375,221.57217407226562,992.732177734375,350.0501708984375,0.5838743448257446,0,person
1213.83984375,227.22140502929688,1297.807861328125,342.68499755859375,0.5584502816200256,0,person
1420.5882568359375,182.60267639160156,1489.28466796875,377.10369873046875,0.651455283164978,0,person
1539.918212890625,287.8384094238281,1843.11376953125,1003.1907348632812,0.9401305317878723,0,person
187.62387084960938,497.1089172363281,427.2986755371094,922.078857421875,0.8048737049102783,56,chair
515.7130126953125,641.360595703125,727.7365112304688,879.3418579101562,0.5490844249725342,56,chair
841.265869140625,519.1031494140625,1062.2027587890625,951.8273315429688,0.8775773644447327,56,chair
1203.63818359375,518.1797485351562,1431.8853759765625,973.6000366210938,0.8980138301849365,56,chair
1545.654541015625,599.4212646484375,1608.751220703125,876.6429443359375,0.2860422730445862,56,chair
416.1022644042969,303.1264343261719,747.58740234375,986.4058837890625,0.8696650266647339,0,person
917.1677856445312,225.0564422607422,995.1198120117188,351.3045349121094,0.4030827581882477,0,person
1566.8167724609375,164.51531982421875,1875.0224609375,997.7490234375,0.9408629536628723,0,person
191.13702392578125,499.2006530761719,432.0041198730469,921.2012329101562,0.824201762676239,56,chair
517.7517700195312,645.5438842773438,731.449951171875,874.1803588867188,0.5285384058952332,56,chair
843.5321044921875,522.6199951171875,1065.078125,955.9993286132812,0.8743453621864319,56,chair
1206.37841796875,524.0584106445312,1339.168701171875,949.3974609375,0.7779037952423096,56,chair
1577.8575439453125,531.2163696289062,1797.1527099609375,953.8509521484375,0.7969174981117249,56,chair
423.15704345703125,308.22113037109375,748.6905517578125,985.9954833984375,0.8889827132225037,0,person
921.0369873046875,221.17745971679688,995.526123046875,351.57000732421875,0.4826812744140625,0,person
1296.1326904296875,101.419189453125,1697.4129638671875,1011.5394287109375,0.8936640024185181,0,person
192.1985321044922,498.7345275878906,433.9183044433594,923.3864135742188,0.8279853463172913,56,chair
524.6610717773438,640.141357421875,734.5642700195312,874.1107788085938,0.5216552019119263,56,chair
845.194580078125,523.191650390625,1066.439453125,956.2532958984375,0.8743075132369995,56,chair
1208.7938232421875,686.119873046875,1430.8568115234375,973.5176391601562,0.38973718881607056,56,chair
1544.61181640625,535.0361938476562,1799.0625,963.3143920898438,0.9066537618637085,56,chair
425.1972961425781,308.7886962890625,748.1782836914062,985.8876953125,0.8948929309844971,0,person
922.1394653320312,225.56956481933594,998.193603515625,354.0088195800781,0.5203750729560852,0,person
1190.7120361328125,329.88037109375,1515.066650390625,994.582763671875,0.8999189138412476,0,person
193.53086853027344,493.9549255371094,435.7173156738281,929.394287109375,0.7802466154098511,56,chair
504.7408752441406,641.813232421875,735.2222290039062,883.5062255859375,0.5096523761749268,56,chair
845.6371459960938,524.0679931640625,1068.454833984375,959.2835083007812,0.8763657808303833,56,chair
1211.33154296875,676.6170043945312,1427.5816650390625,946.6234130859375,0.3289489448070526,56,chair
1546.5458984375,534.8902587890625,1804.6041259765625,969.9757690429688,0.9050168395042419,56,chair
425.3525390625,308.74658203125,754.4489135742188,985.576416015625,0.899891197681427,0,person
922.9863891601562,234.91831970214844,1002.8712768554688,347.2804260253906,0.469647079706192,0,person
1202.5799560546875,275.6630554199219,1469.1239013671875,1005.3134765625,0.8912014961242676,0,person
199.7523193359375,494.44793701171875,419.66796875,926.6768188476562,0.8383228778839111,56,chair
643.67138671875,518.8424682617188,735.5843505859375,869.5101928710938,0.5675323605537415,56,chair
850.0166625976562,526.6168823242188,1071.0130615234375,959.5331420898438,0.8695661425590515,56,chair
1547.069091796875,537.3222045898438,1804.7054443359375,971.98681640625,0.9012314081192017,56,chair
382.7314758300781,207.40383911132812,694.4086303710938,980.22607421875,0.9271369576454163,0,person
920.7156372070312,218.1970977783203,1001.3221435546875,351.17791748046875,0.48605021834373474,0,person
1200.08154296875,271.7621154785156,1469.027587890625,1001.2626342773438,0.8678953051567078,0,person
206.3825225830078,542.1386108398438,308.8660888671875,893.2706909179688,0.5299268364906311,56,chair
506.8920593261719,513.3528442382812,745.954345703125,932.3049926757812,0.8787828087806702,56,chair
853.5664672851562,520.4039916992188,1074.8397216796875,961.4024047851562,0.8737349510192871,56,chair
1551.2601318359375,537.426513671875,1809.412109375,974.5573120117188,0.9007176160812378,56,chair
181.9261016845703,88.92585754394531,569.389892578125,983.0667114257812,0.7908206582069397,0,person
1204.62451171875,285.0597229003906,1473.5260009765625,1005.3422241210938,0.8717173933982849,0,person
344.167724609375,499.2833251953125,468.1307678222656,862.8462524414062,0.5110353231430054,56,chair
500.2742919921875,514.2952880859375,746.8296508789062,934.8707885742188,0.8871984481811523,56,chair
854.2562866210938,519.4266357421875,1075.55224609375,958.57470703125,0.8690553307533264,56,chair
1554.333984375,537.9475708007812,1810.6812744140625,974.4290771484375,0.8928306698799133,56,chair
34.776466369628906,273.1086730957031,415.7457275390625,963.1422729492188,0.85487961769104,0,person
1205.9766845703125,282.82037353515625,1475.1990966796875,1005.6893920898438,0.8605627417564392,0,person
266.9563293457031,615.882080078125,474.6241149902344,860.0946044921875,0.3339300751686096,56,chair
502.3401794433594,514.7017822265625,747.2001342773438,932.8681640625,0.8977781534194946,56,chair
858.4405517578125,519.6517944335938,1077.4857177734375,956.892333984375,0.8822329640388489,56,chair
1556.55224609375,537.2274780273438,1813.16064453125,974.982666015625,0.8915112614631653,56,chair
124.79601287841797,290.4517517089844,477.4567565917969,972.7880859375,0.8801890015602112,0,person
1207.949462890625,284.3586120605469,1475.8494873046875,1004.8108520507812,0.8367456793785095,0,person
1245.154541015625,208.86492919921875,1307.08984375,320.19097900390625,0.2733248770236969,0,person
1306.7999267578125,191.17703247070312,1362.4918212890625,288.0767517089844,0.49003127217292786,0,person
317.63861083984375,545.8645629882812,477.0898132324219,865.7562255859375,0.3106859624385834,56,chair
504.8938293457031,512.5020141601562,751.4780883789062,930.4788208007812,0.8973053693771362,56,chair
860.4246826171875,518.5367431640625,1079.6517333984375,952.68603515625,0.8855612874031067,56,chair
1167.580322265625,357.6968078613281,1559.6363525390625,579.3699340820312,0.28152602910995483,56,chair
1559.05126953125,535.0111083984375,1815.755615234375,971.0619506835938,0.8931872844696045,56,chair
154.0553741455078,298.8953857421875,473.6723327636719,956.9780883789062,0.8872292041778564,0,person
1213.03271484375,279.6353759765625,1479.4881591796875,1001.8372192382812,0.8021023273468018,0,person
507.7403869628906,508.1524963378906,753.95458984375,924.5601196289062,0.9017483592033386,56,chair
861.93994140625,513.3945922851562,1080.3306884765625,948.2758178710938,0.8846950531005859,56,chair
1561.6689453125,531.5311889648438,1818.862548828125,966.5218505859375,0.8920624852180481,56,chair
153.37667846679688,298.3603515625,479.5119323730469,949.1074829101562,0.8966795802116394,0,person
1214.43310546875,275.8275451660156,1480.6314697265625,998.8494873046875,0.8011297583580017,0,person
511.455322265625,508.70361328125,755.2294921875,923.3457641601562,0.9000371098518372,56,chair
864.8098754882812,511.7638854980469,1083.74853515625,945.1552734375,0.8851139545440674,56,chair
1561.8138427734375,527.961181640625,1764.83203125,951.1203002929688,0.8358280658721924,56,chair
157.30226135253906,294.5389099121094,481.38189697265625,944.6953125,0.9066543579101562,0,person
1213.004638671875,268.0719909667969,1481.168701171875,1003.3141479492188,0.8497936725616455,0,person
1656.8631591796875,170.27517700195312,1918.29638671875,1015.9769897460938,0.8141776323318481,0,person
514.6807861328125,510.2229309082031,756.23681640625,921.3953857421875,0.9063007235527039,56,chair
866.3954467773438,514.6309814453125,1084.2447509765625,948.3167724609375,0.8835388422012329,56,chair
1565.105712890625,533.4103393554688,1820.6429443359375,967.7155151367188,0.9032121896743774,56,chair
162.35287475585938,296.1825256347656,483.2701110839844,942.1910400390625,0.9033342003822327,0,person
1089.938720703125,129.4808807373047,1319.8692626953125,1005.136962890625,0.8667568564414978,0,person
1248.8228759765625,270.1716613769531,1485.6842041015625,998.6611328125,0.8781994581222534,0,person
514.7594604492188,512.9102172851562,756.8638305664062,923.3419189453125,0.8996917605400085,56,chair
1567.8310546875,534.2489624023438,1821.53173828125,971.933349609375,0.8959948420524597,56,chair
164.3767852783203,300.1533508300781,484.2470397949219,954.8999633789062,0.900040328502655,0,person
838.1889038085938,297.1513366699219,1109.476806640625,986.4226684570312,0.9292629957199097,0,person
1216.9010009765625,276.6995544433594,1483.682861328125,999.5930786132812,0.8746862411499023,0,person
517.6864013671875,514.34521484375,759.235107421875,926.3351440429688,0.8999490737915039,56,chair
1570.365966796875,534.1150512695312,1825.0228271484375,968.855224609375,0.9007335305213928,56,chair
165.7721405029297,300.89404296875,489.0047607421875,956.0685424804688,0.89957195520401,0,person
850.0145874023438,320.09246826171875,1109.114990234375,986.1102905273438,0.9229437112808228,0,person
1218.12353515625,280.7507629394531,1485.1182861328125,993.5799560546875,0.8923795819282532,0,person
518.523193359375,514.3736572265625,762.1956787109375,928.0048828125,0.8989419937133789,56,chair
877.1738891601562,669.4776000976562,1087.985595703125,974.642822265625,0.2768704295158386,56,chair
1044.8519287109375,258.5191955566406,1116.6435546875,342.5652770996094,0.30172663927078247,56,chair
167.30067443847656,305.15838623046875,490.50836181640625,955.8555908203125,0.8933275938034058,0,person
851.1016845703125,323.4915771484375,1105.590576171875,981.3107299804688,0.9198816418647766,0,person
1215.975830078125,272.47705078125,1481.3912353515625,992.7594604492188,0.8508683443069458,0,person
1379.5704345703125,162.27108764648438,1897.118408203125,1022.1385498046875,0.9338343739509583,0,person
520.2626953125,514.4075317382812,763.5615234375,929.0066528320312,0.8954784274101257,56,chair
1572.7047119140625,536.47705078125,1829.347900390625,974.9474487304688,0.8945393562316895,56,chair
166.5884552001953,303.5816955566406,490.0711669921875,958.7078247070312,0.8881656527519226,0,person
855.8529052734375,391.6956481933594,975.7532958984375,960.2666015625,0.40962353348731995,0,person
871.5571899414062,156.78057861328125,1289.3463134765625,1001.9945068359375,0.8201406598091125,0,person
1220.9237060546875,288.2919921875,1496.611328125,994.177001953125,0.8863780498504639,0,person
1576.4393310546875,533.095458984375,1834.079345703125,973.1046752929688,0.9051762819290161,56,chair
170.7687225341797,300.2973327636719,493.79071044921875,948.8594970703125,0.8769331574440002,0,person
495.7712707519531,131.84568786621094,775.6238403320312,969.1690063476562,0.9447435736656189,0,person
853.459716796875,311.94635009765625,1111.971435546875,976.2392578125,0.9313384890556335,0,person
1222.5860595703125,269.39013671875,1491.8114013671875,1002.8694458007812,0.9055261015892029,0,person
1581.4295654296875,534.2164916992188,1836.1761474609375,972.4812622070312,0.9043400287628174,56,chair
171.3649444580078,298.9749755859375,493.7783203125,953.7552490234375,0.8556275367736816,0,person
479.648193359375,329.1180725097656,777.1660766601562,973.6986694335938,0.9297324419021606,0,person
856.134765625,312.1688232421875,1114.3055419921875,978.491455078125,0.9268344044685364,0,person
1053.9957275390625,240.63121032714844,1120.9278564453125,339.3641357421875,0.33538106083869934,0,person
1226.093994140625,273.10906982421875,1496.5042724609375,992.4364013671875,0.9110986590385437,0,person
1576.412109375,531.70654296875,1835.570068359375,968.2219848632812,0.9054797291755676,56,chair
169.686767578125,298.4913024902344,491.92529296875,943.486328125,0.8819389343261719,0,person
468.572021484375,291.32177734375,773.4807739257812,962.1212768554688,0.9297027587890625,0,person
855.6282348632812,308.6446533203125,1112.9598388671875,967.301025390625,0.925615668296814,0,person
1057.5791015625,236.1814727783203,1125.046875,340.3989562988281,0.25522565841674805,0,person
1224.216064453125,263.4623718261719,1495.2391357421875,1001.4481201171875,0.923388659954071,0,person
1002.2692260742188,249.70619201660156,1071.439697265625,334.4704284667969,0.2939089238643646,56,chair
1572.29150390625,531.0961303710938,1828.6864013671875,964.8316040039062,0.9030159711837769,56,chair
167.1767578125,297.83575439453125,488.3985900878906,943.2521362304688,0.8995699286460876,0,person
462.5917053222656,304.789794921875,783.5936889648438,961.2381591796875,0.91871178150177,0,person
846.6302490234375,304.2765197753906,1119.7567138671875,964.1949462890625,0.9337273240089417,0,person
1217.248291015625,266.5396423339844,1492.3675537109375,995.9029541015625,0.9157817959785461,0,person
1572.798828125,532.3229370117188,1828.681396484375,969.67822265625,0.9001400470733643,56,chair
167.7886962890625,293.1720886230469,487.8560485839844,947.9550170898438,0.9006608128547668,0,person
462.7321472167969,309.5369567871094,784.4507446289062,956.7792358398438,0.9036904573440552,0,person
750.8093872070312,198.34542846679688,1111.3486328125,976.07373046875,0.9297524690628052,0,person
1254.0638427734375,222.58758544921875,1563.5908203125,1004.7039184570312,0.9498639702796936,0,person
481.18756103515625,617.95751953125,770.73193359375,912.5685424804688,0.32293692231178284,56,chair
1234.84033203125,514.1701049804688,1443.7926025390625,957.8518676757812,0.8307581543922424,56,chair
1574.0701904296875,524.3589477539062,1831.9632568359375,968.865234375,0.8914424180984497,56,chair
169.84396362304688,290.0063171386719,491.9626770019531,941.2139282226562,0.8919209837913513,0,person
465.0037841796875,301.43463134765625,767.9756469726562,947.900390625,0.899990439414978,0,person
752.8707275390625,120.99494934082031,1134.98291015625,984.9349365234375,0.9477301836013794,0,person
1387.1785888671875,59.65846252441406,1685.012451171875,988.8901977539062,0.9095453023910522,0,person
489.5640869140625,609.1858520507812,761.5762939453125,921.6650390625,0.4986880421638489,56,chair
869.593505859375,503.4743957519531,1092.422607421875,939.3265380859375,0.8821607828140259,56,chair
1359.2720947265625,510.8268127441406,1471.04443359375,945.59912109375,0.6005653738975525,56,chair
1575.97705078125,527.1548461914062,1832.7996826171875,952.3662109375,0.866647481918335,56,chair
170.69671630859375,290.3941955566406,494.7623596191406,932.2342529296875,0.8910343050956726,0,person
464.7576599121094,286.6767883300781,769.571044921875,949.43408203125,0.906826913356781,0,person
1061.8037109375,129.51763916015625,1425.27294921875,999.2297973632812,0.8855052590370178,0,person
1739.0321044921875,218.0120086669922,1915.1707763671875,1017.0895385742188,0.7536835074424744,0,person
537.1941528320312,611.952392578125,759.2928466796875,913.9015502929688,0.4196983873844147,56,chair
871.2184448242188,499.3799743652344,1094.0240478515625,932.5718994140625,0.8930829167366028,56,chair
1238.159423828125,507.5406188964844,1466.4307861328125,949.0048828125,0.8637065887451172,56,chair
1568.21240234375,530.4342041015625,1685.815185546875,882.6400146484375,0.5598064661026001,56,chair
174.82412719726562,279.58721923828125,495.0341491699219,936.7040405273438,0.8927428126335144,0,person
467.4247131347656,291.0323791503906,771.7696533203125,945.082763671875,0.9112014174461365,0,person
1337.33935546875,166.2451629638672,1389.747802734375,331.26837158203125,0.33592015504837036,0,person
1622.9825439453125,95.30429077148438,1869.2041015625,995.5642700195312,0.771137535572052,0,person
537.1278686523438,612.6286010742188,760.709716796875,897.1527099609375,0.46578583121299744,56,chair
870.9782104492188,498.2681579589844,1094.293212890625,931.8355102539062,0.8956173062324524,56,chair
1238.8931884765625,502.18792724609375,1471.1319580078125,955.99072265625,0.8627009987831116,56,chair
1577.156982421875,517.3994750976562,1835.0950927734375,954.8563842773438,0.8889800310134888,56,chair
176.36422729492188,268.0964050292969,497.1534118652344,938.9976806640625,0.8981707096099854,0,person
463.1835021972656,287.0516052246094,773.0288696289062,943.3286743164062,0.9106669425964355,0,person
499.7580261230469,611.1723022460938,759.3419799804688,910.3705444335938,0.543211042881012,56,chair
870.840087890625,498.8566589355469,1093.1910400390625,935.42138671875,0.8925109505653381,56,chair
1238.097412109375,504.4820251464844,1466.5247802734375,953.1791381835938,0.8590317964553833,56,chair
1575.0609130859375,518.3458251953125,1833.724853515625,958.7728881835938,0.8931487798690796,56,chair
144.91722106933594,90.25639343261719,461.2097473144531,935.49755859375,0.9472939968109131,0,person
462.8447570800781,286.27203369140625,771.546630859375,942.6425170898438,0.8870240449905396,0,person
531.132568359375,604.6159057617188,756.6591796875,905.9774780273438,0.47884634137153625,56,chair
646.9961547851562,598.05712890625,757.27294921875,860.4337158203125,0.2784728705883026,56,chair
871.372802734375,487.89111328125,1092.702392578125,923.6806640625,0.90336674451828,56,chair
1236.56689453125,492.39599609375,1467.4046630859375,937.5477905273438,0.8531951904296875,56,chair
1573.3463134765625,511.225341796875,1834.48583984375,949.8706665039062,0.8912030458450317,56,chair
140.57662963867188,33.0274658203125,558.56396484375,950.033935546875,0.9375397562980652,0,person
463.4338073730469,278.8758544921875,770.0933227539062,936.7628173828125,0.9096404314041138,0,person
1448.1103515625,149.67457580566406,1506.126708984375,347.1730041503906,0.35213199257850647,0,person
218.1637725830078,461.26263427734375,473.31683349609375,887.8189086914062,0.8784896731376648,56,chair
862.6626586914062,488.17047119140625,1088.2044677734375,921.462158203125,0.9059134125709534,56,chair
1228.42236328125,490.81585693359375,1458.0443115234375,942.08935546875,0.8754144310951233,56,chair
1564.94287109375,507.7223815917969,1824.8468017578125,937.7305297851562,0.8912147879600525,56,chair
456.1116943359375,270.25982666015625,686.0132446289062,931.170654296875,0.8576759099960327,0,person
625.9397583007812,11.651504516601562,924.8710327148438,953.9989013671875,0.9059637784957886,0,person
1434.7891845703125,145.84634399414062,1510.2413330078125,352.057373046875,0.5911204814910889,0,person
208.4517059326172,463.0274963378906,472.39996337890625,895.9765014648438,0.8512372374534607,56,chair
472.35443115234375,606.920654296875,743.4949951171875,914.6921997070312,0.48848631978034973,56,chair
860.2181396484375,492.2974548339844,1078.2177734375,920.323486328125,0.9044389724731445,56,chair
1554.7001953125,508.10260009765625,1813.5933837890625,940.4514770507812,0.8976940512657166,56,chair
447.93255615234375,277.0862731933594,755.4717407226562,939.8773193359375,0.9255586266517639,0,person
1105.5963134765625,7.20355224609375,1480.8282470703125,972.9027709960938,0.9145486354827881,0,person
1420.2960205078125,144.158935546875,1493.4649658203125,352.1642761230469,0.29169225692749023,0,person
191.02635192871094,467.4906005859375,456.8431091308594,899.6634521484375,0.854173481464386,56,chair
520.0009155273438,613.5771484375,731.8717041015625,910.369140625,0.5199583172798157,56,chair
845.0374145507812,494.4489440917969,1065.4549560546875,922.3973388671875,0.9016948938369751,56,chair
1207.606201171875,491.093017578125,1435.0098876953125,940.2335815429688,0.8751027584075928,56,chair
1544.872314453125,507.6385192871094,1799.6441650390625,939.7651977539062,0.88327956199646,56,chair
433.48443603515625,270.9123840332031,745.3244018554688,943.9883422851562,0.9362131953239441,0,person
1409.8958740234375,144.7523651123047,1492.623046875,354.3961486816406,0.5145174860954285,0,person
1823.28271484375,231.07081604003906,1917.88818359375,996.9737548828125,0.7562820315361023,0,person
190.16563415527344,466.8570556640625,459.9108581542969,901.6536865234375,0.8524255156517029,56,chair
539.33349609375,607.9765014648438,732.7069702148438,908.0025024414062,0.5212599635124207,56,chair
843.4274291992188,494.4145202636719,1064.7706298828125,921.8247680664062,0.9033145308494568,56,chair
1207.20751953125,492.19940185546875,1435.502197265625,944.6956787109375,0.8932960629463196,56,chair
1543.9449462890625,506.96112060546875,1799.09619140625,939.976318359375,0.8932713270187378,56,chair
436.8191833496094,275.6527404785156,747.03564453125,943.0450439453125,0.9288551211357117,0,person
1294.474365234375,149.6348419189453,1353.5557861328125,320.1856689453125,0.7265171408653259,0,person
190.7735595703125,466.912841796875,475.2497863769531,896.8588256835938,0.8819717764854431,56,chair
636.7402954101562,552.7120361328125,731.220703125,867.6586303710938,0.41063177585601807,56,chair
844.005126953125,494.9083557128906,1063.282470703125,924.142822265625,0.9055269956588745,56,chair
984.6370849609375,225.26478576660156,1098.1507568359375,324.691650390625,0.483414888381958,56,chair
1206.21826171875,492.65460205078125,1433.7147216796875,949.0276489257812,0.876021683216095,56,chair
1543.951171875,507.2808837890625,1799.1756591796875,942.0888061523438,0.8881877660751343,56,chair
403.4681701660156,238.98175048828125,706.7874145507812,940.7206420898438,0.9130213260650635,0,person
190.59600830078125,468.98309326171875,467.1389465332031,900.7847900390625,0.8964225053787231,56,chair
844.3427124023438,496.7205505371094,1063.5736083984375,925.846435546875,0.9065297842025757,56,chair
1207.677490234375,495.7299499511719,1434.5167236328125,939.8490600585938,0.8939385414123535,56,chair
1544.9000244140625,509.258056640625,1800.3438720703125,941.9335327148438,0.8914423584938049,56,chair
485.53118896484375,70.34559631347656,826.517578125,959.3713989257812,0.9492908120155334,0,person
190.34324645996094,468.55462646484375,467.5340881347656,899.09716796875,0.8949381113052368,56,chair
490.0926818847656,490.1553955078125,732.8054809570312,908.5499877929688,0.9066640138626099,56,chair
1208.3572998046875,494.26702880859375,1433.6553955078125,951.8273315429688,0.8682785630226135,56,chair
1544.5103759765625,507.1873474121094,1797.3804931640625,942.7012939453125,0.8839324712753296,56,chair
831.154052734375,101.86907958984375,1196.015625,967.3803100585938,0.922184407711029,0,person
187.6190185546875,470.7014465332031,467.6566162109375,899.6468505859375,0.8997758030891418,56,chair
485.64764404296875,491.1294250488281,730.4359130859375,910.9229736328125,0.9140033721923828,56,chair
843.7787475585938,497.06634521484375,1059.1875,927.3792114257812,0.8929133415222168,56,chair
1204.6732177734375,497.55120849609375,1436.4361572265625,956.3558959960938,0.8629055619239807,56,chair
1662.751953125,514.3836059570312,1794.2626953125,931.787353515625,0.5798674821853638,56,chair
1354.2752685546875,76.33282470703125,1712.2811279296875,982.0228271484375,0.747128427028656,0,person
180.7743682861328,472.7545471191406,460.9111633300781,904.1793823242188,0.8967854380607605,56,chair
479.17523193359375,490.3978271484375,725.9196166992188,911.7835693359375,0.9129245281219482,56,chair
835.1257934570312,493.5443115234375,1051.870849609375,923.3320922851562,0.9015389084815979,56,chair
1196.260986328125,491.1704406738281,1426.0789794921875,946.4156494140625,0.8725911974906921,56,chair
1533.818115234375,506.3976135253906,1789.2799072265625,938.457275390625,0.8830832839012146,56,chair
1215.73779296875,167.39625549316406,1253.1903076171875,290.6259460449219,0.3439309895038605,0,person
1257.392333984375,163.0587615966797,1314.056884765625,322.52630615234375,0.5252246856689453,0,person
181.75645446777344,470.05517578125,459.99481201171875,901.76953125,0.8894578218460083,56,chair
479.7937316894531,488.5770263671875,726.1890258789062,907.65380859375,0.9086462259292603,56,chair
836.5245361328125,492.93182373046875,1051.4578857421875,920.2739868164062,0.8998824954032898,56,chair
1196.802734375,487.71527099609375,1426.0277099609375,938.7647094726562,0.8870100378990173,56,chair
1535.4813232421875,502.43096923828125,1789.0733642578125,929.0055541992188,0.8944694399833679,56,chair
1271.6544189453125,162.13485717773438,1339.2952880859375,320.7242736816406,0.5946006178855896,0,person
181.62950134277344,463.8464660644531,460.2532043457031,898.1702270507812,0.8938419222831726,56,chair
479.8957214355469,482.9036865234375,725.5323486328125,902.7590942382812,0.9058883786201477,56,chair
837.0382690429688,481.8410339355469,1053.486083984375,913.1471557617188,0.9006528854370117,56,chair
1196.2012939453125,482.0836486816406,1426.3634033203125,936.3505249023438,0.8852314352989197,56,chair
1534.8868408203125,493.1298522949219,1787.1658935546875,924.627685546875,0.9063999056816101,56,chair
1267.2666015625,157.22232055664062,1320.11083984375,312.94097900390625,0.642379641532898,0,person
